"EMM_ENTY_SRNO","EMM_MKT_SRNO","EMM_TRDNG_MTHD_SRNO","EMM_RCRD_SRNO","EMM_MKT_MAKING_TYPE_INDC","EMM_ELGBLT_FROM_DATE","EMM_ELGBLT_TO_DATE","EMM_MKT_MAKING_STATUS_INDC","EMM_CRTD_USER_ID","EMM_CRTD_DATE","EMM_UPDTD_USER_ID","EMM_UPDTD_DATE"
"102318","4","2","1","2","2011-11-22","9998-12-31","1","shenlina","2011-11-21 11:00:32","shenlina","2011-11-21 11:00:32"
"901094","4","2","1","2","2014-8-19","9998-12-31","1","mscyll","2014-8-19 16:18:38","mscyll","2014-8-19 16:18:38"
"100477","4","2","1","2","2009-11-26","9998-12-31","1","shenlina","2009-11-25 10:43:51","shenlina","2009-11-25 10:43:51"
"102321","4","2","1","2","2012-10-15","9998-12-31","1","shenlina","2012-10-12 13:40:47","shenlina","2012-10-12 13:40:47"
"100370","4","2","1","2","2010-8-3","2014-6-10","1","shenlina","2010-8-2 16:52:16","shenlina","2014-6-10 9:21:13"
"100083","4","2","1","2","2012-10-16","9998-12-31","1","shenlina","2012-10-15 9:58:35","shenlina","2012-10-15 9:58:35"
"100359","4","2","1","2","2012-11-26","9998-12-31","1","shenlina","2012-11-23 9:31:36","shenlina","2012-11-23 9:31:36"
"100055","4","2","1","2","2013-8-13","9998-12-31","1","shenlina","2013-8-12 15:38:52","shenlina","2013-8-12 15:38:52"
"100358","4","2","1","2","2014-5-14","9998-12-31","1","shenlina","2014-5-14 14:43:19","shenlina","2014-5-14 14:43:19"
"102283","4","2","1","2","2014-5-15","9998-12-31","1","shenlina","2014-5-14 15:09:38","shenlina","2014-5-14 15:09:38"
"101351","4","2","1","2","2014-8-21","9998-12-31","1","mscwyh","2014-8-21 13:56:35","mscwyh","2014-8-21 13:56:35"
"100352","4","2","1","2","2009-9-10","9998-12-31","1","shenlina","2009-9-10 15:13:45","shenlina","2009-9-10 15:13:45"
"800013","4","2","1","2","2014-8-26","9998-12-31","1","mscwyh","2014-8-26 14:27:52","mscwyh","2014-8-26 14:27:52"
"100008","4","2","1","1","2014-8-26","9998-12-31","1","msctqh","2014-8-26 14:34:26","msctqh","2014-8-26 14:34:26"
"101219","4","2","1","1","2014-8-26","2015-3-3","1","mscmyb","2014-8-26 15:21:46","mscmyb","2014-8-26 15:21:46"
"101220","4","2","1","1","2014-8-26","9998-12-31","1","mschwh","2014-8-26 15:26:35","mschwh","2014-8-26 15:26:35"
"101386","4","2","1","1","2014-8-26","9998-12-31","1","mschqy","2014-8-26 15:48:22","mschqy","2014-8-26 15:48:22"
"101219","6","2","1","1","2014-8-26","2015-3-3","1","mschwh","2014-8-26 15:59:34","mschwh","2014-8-26 15:59:34"
"101904","4","2","1","2","2009-7-6","2014-5-9","1","shenlina","2009-7-3 15:48:09","shenlina","2014-5-8 13:40:08"
"100054","4","2","1","2","2009-7-7","9998-12-31","1","shenlina","2009-7-7 9:13:47","shenlina","2009-7-7 9:13:47"
"901100","4","2","1","1","2014-8-23","9998-12-31","1","mscpyh","2014-8-23 15:06:28","mscpyh","2014-8-23 15:06:28"
"901100","6","2","1","1","2014-8-23","9998-12-31","1","mscpyh","2014-8-23 15:06:28","mscpyh","2014-8-23 15:06:28"
"901099","4","2","1","1","2014-8-23","9998-12-31","1","mscpyh","2014-8-23 15:10:37","mscpyh","2014-8-23 15:10:37"
"901099","6","2","1","1","2014-8-23","9998-12-31","1","mscpyh","2014-8-23 15:10:37","mscpyh","2014-8-23 15:10:37"
"901101","4","2","1","1","2014-8-28","9998-12-31","1","mscpyx","2014-8-28 11:01:41","mscpyx","2014-8-28 11:02:15"
"101391","4","2","1","1","2014-8-28","9998-12-31","1","mscwy","2014-8-28 15:12:55","mscwy","2014-8-28 15:12:55"
"102316","6","2","1","2","2014-8-28","9998-12-31","1","mscwhm","2014-8-28 16:22:57","mscwhm","2014-8-28 16:22:57"
"102296","6","2","1","1","2014-8-28","9998-12-31","1","mscwhm","2014-8-28 16:23:28","mscwhm","2014-8-28 16:23:28"
"100012","6","2","1","1","2014-8-28","9998-12-31","1","mscwhm","2014-8-28 16:24:15","mscwhm","2014-8-28 16:24:15"
"101391","6","2","1","1","2014-8-28","9998-12-31","1","mscwhm","2014-8-28 16:26:19","mscwhm","2014-8-28 16:26:19"
"100012","4","2","2","1","2011-1-18","9998-12-31","1","shenlina","2011-1-26 16:58:36","shenlina","2011-1-26 16:58:36"
"100160","4","2","1","2","2013-2-18","9998-12-31","1","shenlina","2013-2-17 14:46:14","shenlina","2013-2-17 14:46:14"
"102090","4","2","1","2","2014-6-23","9998-12-31","1","shenlina","2014-6-23 9:21:03","shenlina","2014-6-23 9:21:03"
"303095","4","2","1","1","2014-8-18","9998-12-31","1","mscdjh","2014-8-18 10:06:18","mscdjh","2014-8-21 10:41:48"
"305028","4","2","1","1","2014-8-18","9998-12-31","1","mscdjh","2014-8-18 10:06:46","mscdjh","2014-8-21 15:09:57"
"303212","4","2","1","1","2014-8-18","9998-12-31","1","mscxxq","2014-8-18 10:09:52","mscxxq","2014-8-18 10:09:52"
"901080","4","2","1","1","2014-8-18","9998-12-31","1","mscyll","2014-8-18 10:15:46","mscyll","2014-8-18 10:15:46"
"901081","4","2","1","1","2014-8-18","9998-12-31","1","mscyll","2014-8-18 10:17:50","mscyll","2014-8-18 10:17:50"
"901082","4","2","1","1","2014-8-18","9998-12-31","1","mscyll","2014-8-18 10:19:55","mscyll","2014-8-18 10:19:55"
"100067","4","2","1","1","2014-8-18","9998-12-31","1","mscdp","2014-8-18 10:51:13","mscdp","2014-8-18 10:51:13"
"140818","4","2","1","1","2014-8-18","9998-12-31","1","msczht","2014-8-18 14:19:06","msczht","2014-8-18 14:19:06"
"102295","4","2","1","2","2010-3-3","9998-12-31","1","shenlina","2010-3-2 11:30:01","shenlina","2010-3-2 11:30:01"
"100036","4","2","2","1","2010-5-30","9998-12-31","1","shenlina","2010-6-13 16:31:48","shenlina","2010-6-13 16:31:48"
"100063","4","2","1","2","2014-4-21","9998-12-31","1","shenlina","2014-4-21 14:02:56","shenlina","2014-4-21 14:02:56"
"100001","4","2","1","1","2001-7-25","9998-12-31","1","superuser","2007-11-9 19:18:09","superuser","2007-11-9 19:18:09"
"100002","4","2","1","1","2001-7-25","9998-1-18","1","superuser","2007-11-9 19:18:09","mscwwy","2016-1-29 14:57:56"
"100005","4","2","1","1","2006-1-18","2009-1-15","1","superuser","2007-11-9 19:18:09","haiqinwu","2015-4-24 16:09:41"
"100007","4","2","1","2","2007-1-25","2007-12-3","1","superuser","2007-11-9 19:18:09","superuser","2007-12-17 14:24:19"
"100007","4","2","2","1","2007-12-4","9998-12-31","1","superuser","2007-12-17 14:24:19","superuser","2007-12-17 14:24:19"
"100009","4","2","1","1","2001-7-25","9998-12-31","1","superuser","2007-11-9 19:18:09","wangxiaoyun","2014-12-16 15:58:04"
"100010","4","2","1","1","2007-2-25","9998-12-31","1","superuser","2007-11-9 19:18:09","mscxch1","2015-10-19 15:19:39"
"100012","4","2","1","2","2007-1-22","2011-1-17","1","superuser","2007-11-9 19:18:09","shenlina","2011-1-26 16:58:36"
"100014","4","2","1","2","2006-11-16","2007-7-11","1","superuser","2007-11-9 19:18:09","superuser","2007-11-9 19:18:10"
"100014","4","2","2","1","2007-7-12","9998-12-31","1","superuser","2007-11-9 19:18:10","superuser","2007-11-9 19:18:10"
"100015","4","2","1","1","2004-7-22","2015-1-25","1","superuser","2007-11-9 19:18:09","superuser","2007-11-9 19:18:09"
"100035","4","2","1","1","2004-7-22","9998-12-31","1","superuser","2007-11-9 19:18:09","superuser","2007-11-9 19:18:09"
"100036","4","2","1","2","2006-11-17","2010-5-29","1","superuser","2007-11-9 19:18:09","shenlina","2010-6-13 16:31:48"
"100066","4","2","1","1","2004-7-22","9998-12-31","1","superuser","2007-11-9 19:18:09","superuser","2007-11-9 19:18:09"
"100073","4","2","1","1","2001-7-25","9998-12-31","1","superuser","2007-11-9 19:18:09","superuser","2007-11-9 19:18:09"
"100074","4","2","1","2","2007-2-26","2015-11-20","1","superuser","2007-11-9 19:18:09","superuser","2007-11-9 19:18:09"
"100079","4","2","1","2","2007-2-13","9998-12-31","1","superuser","2007-11-9 19:18:09","superuser","2007-11-9 19:18:09"
"100086","4","2","1","1","2008-1-15","9998-12-31","1","superuser","2008-1-14 16:10:45","haiqinwu","2015-4-29 18:18:31"
"100091","4","2","1","2","2007-2-14","2014-6-10","1","superuser","2007-11-9 19:18:09","shenlina","2014-6-10 9:19:25"
"100104","4","2","1","1","2004-7-22","9998-12-31","1","superuser","2007-11-9 19:18:09","superuser","2007-11-9 19:18:09"
"100327","4","2","1","1","2001-7-25","9998-12-31","1","superuser","2007-11-9 19:18:09","superuser","2007-11-9 19:18:09"
"100334","4","2","1","2","2007-12-26","9998-12-31","1","superuser","2007-12-25 16:23:25","superuser","2007-12-25 16:23:25"
"100365","4","2","1","2","2008-6-4","9998-12-31","1","superuser","2008-6-3 16:24:15","superuser","2008-6-3 16:24:15"
"100375","4","2","1","1","2001-7-25","9998-12-31","1","superuser","2007-11-9 19:18:09","mscdp","2014-8-18 10:52:00"
"100468","4","2","1","2","2008-4-1","2014-6-10","1","superuser","2008-3-31 15:35:49","shenlina","2014-6-10 9:21:50"
"100472","4","2","1","2","2007-1-29","9998-12-31","1","superuser","2007-11-9 19:18:09","superuser","2007-11-9 19:18:09"
"100495","4","2","1","2","2008-10-10","9998-12-31","1","superuser","2008-10-8 15:12:11","superuser","2008-10-8 15:12:11"
"100499","4","2","1","2","2008-8-29","9998-12-31","1","superuser","2008-8-28 15:02:29","superuser","2008-8-28 15:02:29"
"100505","4","2","1","2","2007-7-20","2014-6-10","1","superuser","2007-11-9 19:18:09","shenlina","2014-6-10 9:19:43"
"100654","4","2","1","2","2007-2-7","2014-6-10","1","superuser","2007-11-9 19:18:09","shenlina","2014-6-10 9:22:11"
"101179","4","2","1","2","2008-6-17","9998-12-31","1","superuser","2008-6-16 16:32:41","superuser","2008-6-16 16:32:41"
"101519","4","2","1","2","2009-3-30","9998-12-31","1","superuser","2009-3-25 15:30:11","superuser","2009-3-25 15:30:11"
"101619","4","2","1","2","2009-5-12","9998-12-31","1","superuser","2009-5-11 10:08:05","superuser","2009-5-11 10:08:05"
"101621","4","2","1","2","2007-1-22","9998-12-31","1","superuser","2007-11-9 19:18:09","superuser","2007-11-9 19:18:09"
"101747","4","2","1","2","2008-4-1","9998-12-31","1","superuser","2008-3-31 15:35:34","superuser","2008-3-31 15:35:34"
"101984","4","2","1","2","2009-3-13","2014-6-10","1","superuser","2009-3-12 10:23:55","shenlina","2014-6-10 9:20:01"
"102051","4","2","1","2","2008-6-16","9998-12-31","1","superuser","2008-6-13 16:41:53","superuser","2008-6-13 16:41:53"
"102262","4","2","1","2","2008-9-10","9998-12-31","1","superuser","2008-9-5 15:03:23","superuser","2008-9-5 15:03:23"
"102293","4","2","1","2","2007-12-14","2010-1-12","1","superuser","2007-12-13 15:42:12","shenlina","2010-1-21 16:37:19"
"102294","4","2","1","2","2007-12-3","9998-12-31","1","superuser","2007-11-30 16:37:08","superuser","2007-11-30 16:37:08"
"102332","4","2","1","2","2008-7-14","2014-6-10","1","superuser","2008-7-11 15:28:44","shenlina","2014-6-10 9:21:32"
"102353","4","2","1","2","2007-11-19","2008-5-19","1","superuser","2007-11-19 9:08:35","superuser","2008-5-28 9:18:44"
"102353","4","2","2","1","2008-5-20","9998-12-31","1","superuser","2008-5-28 9:18:44","superuser","2008-5-28 9:18:44"
"102503","4","2","1","2","2008-6-27","9998-12-31","1","superuser","2008-6-26 16:10:51","superuser","2008-6-26 16:10:51"
"102293","4","2","2","1","2010-1-13","9998-12-31","1","shenlina","2010-1-21 16:37:19","shenlina","2010-1-21 16:37:19"
"100653","4","2","1","2","2010-8-18","9998-12-31","1","shenlina","2010-8-17 14:21:39","mscgxh","2015-6-1 17:43:54"
"100082","4","2","1","2","2014-5-19","9998-12-31","1","shenlina","2014-5-19 14:37:26","shenlina","2014-5-19 14:37:26"
"100643","4","2","1","2","2011-2-11","9998-12-31","1","shenlina","2011-2-10 9:22:02","shenlina","2011-2-10 9:22:02"
"102330","4","2","1","2","2011-11-8","9998-12-31","1","shenlina","2011-11-8 9:01:46","shenlina","2011-11-8 9:01:46"
"101891","4","2","1","2","2014-4-2","9998-12-31","1","shenlina","2014-4-1 15:15:09","shenlina","2014-4-1 15:15:09"
"302456","4","2","1","2","2013-2-18","2014-6-10","1","shenlina","2014-6-12 16:50:02","shenlina","2014-6-12 16:50:02"
"300906","4","2","1","2","2010-12-9","2014-6-10","1","shenlina","2014-6-12 16:50:38","shenlina","2014-6-12 16:50:38"
"102418","4","2","1","2","2014-7-9","9998-12-31","1","xingyiming","2014-7-9 9:36:18","xingyiming","2014-7-9 9:36:18"
"101778","4","2","1","2","2014-7-31","9998-12-31","1","shenlina","2014-7-31 14:43:11","shenlina","2014-7-31 14:43:11"
"100058","4","2","1","2","2012-1-4","9998-12-31","1","shenlina","2012-1-4 9:17:29","shenlina","2012-1-4 9:17:29"
"101856","4","2","1","2","2013-7-29","2014-6-10","1","shenlina","2013-7-26 16:17:26","shenlina","2014-6-10 9:22:32"
"101929","4","2","1","2","2014-4-24","9998-12-31","1","shenlina","2014-4-24 14:54:33","shenlina","2014-4-24 14:54:33"
"102267","4","2","1","2","2014-7-17","9998-12-31","1","shenlina","2014-7-16 15:12:30","shenlina","2014-7-16 15:12:30"
"100147","4","2","1","2","2014-7-17","9998-12-31","1","shenlina","2014-7-16 15:12:47","shenlina","2014-7-16 15:12:47"
"400592","4","2","1","1","2014-11-13","9998-12-31","1","testchengting","2014-11-13 19:54:43","testchengting","2014-11-13 19:54:43"
"313222","4","2","1","2","2014-11-26","9998-12-31","1","3131","2014-11-26 15:17:46","3131","2014-11-27 13:47:20"
"102229","4","2","1","1","2014-11-11","9998-12-31","1","wangchaotest","2014-11-13 20:43:13","wangchaotest","2014-11-13 20:43:13"
"300756","4","2","1","1","2014-11-11","9998-12-31","1","wangchaotest","2014-11-13 20:53:22","wangchaotest","2014-11-13 20:53:22"
"313221","4","2","1","1","2014-11-26","9998-12-31","1","wtest17","2014-11-26 15:06:51","wtest17","2014-11-26 15:06:51"
"112233","4","2","1","1","2014-12-8","9998-12-31","1","wtest06","2014-12-8 17:15:08","wtest06","2014-12-8 17:15:08"
"901143","6","2","1","1","2015-1-2","9998-12-31","1","feicw1","2015-1-4 19:38:18","feicw1","2015-1-4 19:38:18"
"901144","6","2","1","1","2015-1-2","9998-12-31","1","feicw1","2015-1-4 19:38:42","feicw1","2015-1-4 19:38:42"
"101717","4","2","1","1","2015-1-12","9998-12-31","1","msczar","2015-1-12 13:39:12","msczar","2015-1-12 13:39:12"
"145541","4","2","1","1","2015-1-19","9998-12-31","1","3131","2015-1-19 15:01:48","3131","2015-1-19 15:01:48"
"125521","4","2","1","1","2015-1-19","9998-12-31","1","3131","2015-1-19 15:03:34","3131","2015-1-19 15:03:34"
"152352","4","2","1","1","2015-1-19","9998-12-31","1","3131","2015-1-19 15:05:06","3131","2015-1-19 15:05:06"
"120012","4","2","1","1","2015-1-19","9998-12-31","1","3131","2015-1-19 15:13:30","3131","2015-1-19 15:13:30"
"901163","4","2","1","1","2015-1-19","9998-12-31","1","3131","2015-1-19 15:15:02","3131","2015-1-19 15:15:02"
"901164","4","2","1","1","2015-1-19","9998-12-31","1","3131","2015-1-19 15:19:48","3131","2015-1-19 15:19:48"
"901173","4","2","1","1","2015-1-25","9998-12-31","1","mscldx","2015-1-25 10:07:13","mscldx","2015-1-25 10:07:13"
"901168","4","2","1","2","2015-1-23","9998-12-31","1","mscldx","2015-1-23 14:39:35","mscldx","2015-1-23 14:39:35"
"507547","4","2","1","1","2015-10-28","9998-12-31","1","cw001","2015-10-28 9:27:11","cw001","2015-10-28 9:27:11"
"901356","4","2","1","1","2015-10-28","9998-12-31","1","mscxyg","2015-10-28 14:31:48","mscxyg","2015-10-28 14:31:48"
"901175","4","2","1","1","2015-1-28","9998-12-31","1","mscqym","2015-1-28 10:05:10","mscqym","2015-1-28 10:05:10"
"901175","6","2","1","1","2015-1-28","9998-12-31","1","mscqym","2015-1-28 10:05:10","mscqym","2015-1-28 10:05:10"
"120302","4","2","1","1","2015-3-10","9998-12-31","1","qincai","2015-3-10 17:23:56","qincai","2015-3-10 17:23:56"
"555232","4","2","1","1","2015-3-10","9998-12-31","1","qincai","2015-3-10 17:26:43","qincai","2015-3-10 17:26:43"
"901190","4","2","1","1","2015-3-10","9998-12-31","1","CFETS","2015-3-10 18:38:38","CFETS","2015-3-10 18:38:38"
"901190","6","2","1","1","2015-3-13","9998-12-31","1","testMSC01","2015-3-13 14:20:01","testMSC01","2015-3-13 14:20:01"
"901192","6","2","1","1","2015-3-13","9998-12-31","1","testMSC01","2015-3-13 14:20:39","testMSC01","2015-3-13 14:20:39"
"901211","4","2","1","2","2015-3-20","9998-12-31","1","msclyf","2015-3-22 12:43:32","msclyf","2015-3-22 12:43:32"
"901165","4","2","1","1","2015-4-21","9998-12-31","1","mscyqp","2015-4-21 15:42:22","mscyqp","2015-4-21 15:42:22"
"901166","4","2","1","1","2015-4-21","9998-12-31","1","mscyqp","2015-4-21 15:42:32","mscyqp","2015-4-21 15:42:32"
"901223","4","2","1","1","2015-4-21","9998-12-31","1","msclys","2015-4-21 16:51:29","msclys","2015-4-21 16:51:29"
"901224","4","2","1","1","2015-4-21","9998-12-31","1","msclys","2015-4-21 16:54:29","msclys","2015-4-22 15:43:33"
"901225","4","2","1","1","2015-4-22","2015-5-6","1","mscyzs","2015-4-22 15:46:14","mscyzs","2015-4-22 15:46:14"
"901226","4","2","1","1","2015-4-22","9998-12-31","1","mscyzs","2015-4-22 15:47:26","mscyzs","2015-4-22 15:47:26"
"901227","4","2","1","1","2015-4-22","9998-12-31","1","mscyzs","2015-4-22 15:48:39","mscyzs","2015-4-22 15:48:39"
"901210","4","2","1","1","2015-4-24","9998-12-31","1","smileyao","2015-4-24 11:06:04","smileyao","2015-4-24 11:06:04"
"100000","4","2","1","1","2015-4-24","9998-12-31","1","haiqinwu","2015-4-24 16:23:14","haiqinwu","2015-4-24 16:23:14"
"901225","6","2","1","1","2015-4-25","2015-5-6","1","mscyzs","2015-4-25 14:17:18","mscyzs","2015-4-25 14:17:18"
"400732","4","2","1","1","2015-11-23","9998-12-31","1","wanghc","2015-11-23 16:38:29","wanghc","2015-11-23 16:38:29"
"901265","4","2","1","1","2015-5-12","9998-12-31","1","huyan1","2015-5-12 13:51:10","huyan1","2015-5-12 13:51:10"
"305704","4","2","1","1","2015-5-13","9998-12-31","1","msczzg","2015-5-13 15:31:10","msczzg","2015-5-13 15:31:10"
"305705","4","2","1","1","2015-5-13","9998-12-31","1","msczzg","2015-5-13 15:31:47","msczzg","2015-5-13 15:31:47"
"901287","4","2","1","1","2015-6-2","9998-12-31","1","msczhuc","2015-6-2 14:23:49","msczhuc","2015-6-2 14:23:49"
"901288","4","2","1","1","2015-6-2","9998-12-31","1","msczhuc","2015-6-2 17:30:27","msczhuc","2015-6-2 17:30:27"
"403286","4","2","1","1","2015-6-1","9998-12-31","1","mscwhm","2015-6-16 11:10:45","acc3","2015-6-16 15:38:55"
"403249","4","2","1","1","2015-6-16","9998-12-31","1","mscldx","2015-6-16 10:05:03","mscldx","2015-6-16 10:05:03"
"100111","4","2","1","1","2015-10-15","9998-12-31","1","msclsf1","2015-10-15 10:00:13","msclsf1","2015-10-15 10:00:13"
"403310","4","2","1","1","2015-6-16","9998-12-31","1","msclsf1","2015-6-16 15:53:53","msclsf1","2015-6-16 15:53:53"
"403311","4","2","1","1","2015-6-16","9998-12-31","1","msclsf1","2015-6-16 15:54:26","msclsf1","2015-6-16 15:54:26"
"102144","4","2","1","1","2015-6-24","2017-3-16","1","mscldx","2015-6-24 15:58:32","msclz","2016-2-17 16:08:20"
"403260","4","2","1","1","2015-6-11","9998-12-31","1","msclys","2015-6-11 9:24:23","msclys","2015-6-11 9:24:23"
"403260","6","2","1","1","2015-6-11","9998-12-31","1","msclys","2015-6-11 9:24:23","msclys","2015-6-11 9:24:23"
"403280","4","2","1","1","2015-6-11","9998-12-31","1","msclys","2015-6-11 9:24:38","msclys","2015-6-11 9:24:38"
"403280","6","2","1","1","2015-6-11","9998-12-31","1","msclys","2015-6-11 9:24:38","msclys","2015-6-11 9:24:38"
"403238","4","2","1","1","2015-6-11","9998-12-31","1","mscqym","2015-6-11 9:32:13","mscqym","2015-6-11 9:32:13"
"403238","6","2","1","1","2015-6-11","9998-12-31","1","mscqym","2015-6-11 9:32:13","mscqym","2015-6-11 9:32:13"
"403240","4","2","1","1","2015-6-11","9998-12-31","1","mscqym","2015-6-11 14:00:38","acc3","2015-6-18 16:56:53"
"403240","6","2","1","1","2015-6-11","9998-12-31","1","mscqym","2015-6-11 14:00:38","mscqym","2015-6-11 14:00:38"
"403330","4","2","1","1","2015-7-1","9998-12-31","1","cw001","2015-7-1 10:43:04","cw001","2015-7-1 10:43:04"
"403331","4","2","1","1","2015-7-1","9998-12-31","1","cw001","2015-7-1 11:19:09","cw001","2015-7-1 11:19:09"
"403336","4","2","1","1","2015-7-1","9998-12-31","1","msclys","2015-7-1 17:16:46","msclys","2015-7-1 17:16:46"
"403336","6","2","1","1","2015-7-1","9998-12-31","1","msclys","2015-7-1 17:16:46","msclys","2015-7-1 17:16:46"
"403348","4","2","1","1","2015-7-3","9998-12-31","1","cw001","2015-7-3 16:53:15","cw001","2015-7-3 16:53:15"
"403347","4","2","1","1","2015-7-3","9998-12-31","1","cw001","2015-7-3 16:53:30","cw001","2015-7-3 16:53:30"
"901305","4","2","1","1","2015-7-24","9998-12-31","1","cw001","2015-7-24 10:00:16","cw001","2015-7-24 10:00:16"
"100096","4","2","1","1","2015-7-15","9998-12-31","1","mscwwy","2015-7-15 14:11:16","mscwwy","2015-7-15 14:11:16"
"863268","4","2","1","1","2015-7-21","9998-12-31","1","mscqym","2015-7-21 15:13:28","mscqym","2015-7-21 15:13:28"
"100002","6","2","1","1","2015-7-30","2016-1-18","1","msclsf","2015-7-30 10:49:56","msclsf","2015-7-30 10:49:56"
"100003","4","2","1","1","2015-7-30","9998-12-31","1","msclsf","2015-7-30 11:11:23","msclsf","2015-7-30 11:11:23"
"100003","6","2","1","1","2015-7-30","9998-12-31","1","msclsf","2015-7-30 11:11:23","msclsf","2015-7-30 11:11:23"
"901318","4","2","1","1","2015-9-10","9998-12-31","1","mscxy","2015-9-10 15:28:14","mscxy","2015-9-10 15:28:14"
"901319","4","2","1","1","2015-9-10","9998-12-31","1","mscmwj","2015-9-10 15:32:47","mscmwj","2015-9-10 15:32:47"
"901320","4","2","1","1","2015-9-10","9998-12-31","1","mscqym","2015-9-10 16:44:06","mscqym","2015-9-10 16:44:06"
"100005","4","2","2","1","2015-11-23","9998-12-31","1","wanghc","2015-11-23 16:39:59","wanghc","2015-11-23 16:39:59"
"100156","4","2","1","1","2015-10-9","9998-12-31","1","huayu","2015-10-9 14:09:16","huayu","2015-10-9 14:09:16"
"302248","4","2","1","1","2015-10-9","9998-12-31","1","huayu","2015-10-9 14:36:58","huayu","2015-10-9 14:36:58"
"100112","4","2","1","1","2015-10-15","9998-12-31","1","msclsf1","2015-10-15 10:01:33","msclsf1","2015-10-15 10:01:33"
"101140","4","2","1","1","2015-10-15","9998-12-31","1","mscwbn2","2015-10-15 10:37:50","mscwbn2","2015-10-15 10:37:50"
"100473","4","2","1","1","2015-10-15","2020-1-30","1","mscwbn2","2015-10-15 10:38:15","cw002","2016-1-19 11:00:12"
"200111","4","2","1","1","2015-10-15","9998-12-31","1","msclsf1","2015-10-15 10:41:26","msclsf1","2015-10-15 10:41:26"
"403302","4","2","1","1","2015-10-19","9998-12-31","1","msclsf1","2015-10-19 9:41:53","msclsf1","2015-10-19 9:41:53"
"403265","4","2","1","1","2015-10-19","9998-12-31","1","msclsf1","2015-10-19 9:50:22","msclsf1","2015-10-19 9:50:22"
"403250","4","2","1","1","2015-10-19","9998-12-31","1","msclsf1","2015-10-19 9:58:19","msclsf1","2015-10-19 9:58:19"
"403283","4","2","1","1","2015-10-19","9998-12-31","1","msclsf1","2015-10-19 10:00:53","msclsf1","2015-10-19 10:00:53"
"403282","4","2","1","1","2015-10-19","9998-12-31","1","msclsf1","2015-10-19 10:16:44","msclsf1","2015-10-19 10:16:44"
"901334","4","2","1","1","2015-10-22","9998-12-31","1","mscmtn","2015-10-22 14:17:53","mscmtn","2015-10-22 14:17:53"
"500834","4","2","1","1","2016-1-26","9998-12-31","1","msclys","2016-1-26 10:06:23","msclys","2016-1-26 10:06:23"
"654444","4","2","1","1","2016-1-29","9998-12-31","1","mschhj","2016-1-29 14:08:20","mschhj","2016-1-29 14:08:20"
"507818","4","2","1","1","2016-1-29","9998-12-31","1","cw001","2016-1-29 14:08:23","cw001","2016-1-29 14:08:23"
"901396","4","2","1","1","2016-1-29","9998-12-31","1","msclz","2016-1-29 14:09:30","msclz","2016-1-29 14:09:30"
"901398","4","2","1","1","2016-1-29","9998-12-31","1","msclz","2016-1-29 14:11:33","msclz","2016-1-29 14:11:33"
"901399","4","2","1","1","2016-1-29","9998-12-31","1","msclz","2016-1-29 14:19:29","msclz","2016-1-29 14:19:29"
"901395","4","2","1","1","2016-1-29","9998-12-31","1","yao","2016-1-29 14:25:13","yao","2016-1-29 14:25:13"
"901393","4","2","1","1","2016-1-29","9998-12-31","1","yao","2016-1-29 14:25:34","yao","2016-1-29 14:25:34"
"901397","4","2","1","1","2016-1-29","2016-2-3","1","yao","2016-1-29 14:25:50","yao","2016-1-29 14:25:50"
"901402","4","2","1","1","2016-1-29","9998-12-31","1","msclz","2016-1-29 14:41:22","msclz","2016-1-29 14:41:22"
"654445","4","2","1","1","2016-1-29","9998-12-31","1","CFETS","2016-1-29 14:42:09","CFETS","2016-1-29 14:42:09"
"901404","4","2","1","1","2016-1-29","9998-12-31","1","msclz","2016-1-29 15:09:00","msclz","2016-1-29 15:09:00"
"645000","4","2","1","1","2016-1-29","9998-12-31","1","mschhj","2016-1-29 15:14:45","mschhj","2016-1-29 15:14:45"
"645001","4","2","1","1","2016-1-29","9998-12-31","1","mschhj","2016-1-29 15:34:24","mschhj","2016-1-29 15:34:24"
"100051","4","2","1","2","2004-7-22","9997-10-21","1","mscwwy","2016-1-29 15:35:53","mscwwy","2016-1-29 15:35:53"
"648000","4","2","1","1","2016-1-29","9998-12-31","1","CFETS","2016-1-29 15:46:16","CFETS","2016-1-29 15:46:16"
"901408","4","2","1","1","2016-1-29","9998-12-31","1","yao","2016-1-29 16:30:41","yao","2016-1-29 16:30:41"
"100009","6","2","1","1","2014-11-18","9998-12-31","1","fujiangtao","2014-11-18 15:21:56","fujiangtao","2014-11-18 15:21:56"
"901126","4","2","1","1","2014-11-22","9998-12-31","1","yujian","2014-11-22 15:40:06","yujian","2014-11-22 15:40:06"
"100011","6","2","1","1","2014-11-18","2015-1-12","1","fujiangtao","2014-11-18 15:21:32","fujiangtao","2014-11-21 14:43:06"
"901126","6","2","1","1","2014-11-22","9998-12-31","1","yujian","2014-11-22 15:40:06","yujian","2014-11-22 15:40:06"
"100011","4","2","1","1","2014-11-25","9998-12-31","1","mscfyw2","2014-11-25 11:44:23","acc1","2015-1-7 11:12:31"
"901132","4","2","1","1","2014-12-30","2100-1-4","1","acc1","2014-12-30 14:40:45","cw001","2015-3-18 16:42:56"
"901132","6","2","1","1","2014-12-30","2100-1-4","1","acc1","2014-12-30 14:40:45","cw001","2015-3-18 16:42:56"
"901134","4","2","1","2","2014-12-30","9998-12-31","1","acc1","2014-12-30 14:41:39","cw001","2014-12-30 17:13:39"
"901134","6","2","1","1","2014-12-30","9998-12-31","1","acc1","2014-12-30 14:41:39","acc1","2014-12-30 14:41:39"
"901091","4","2","1","1","2015-1-29","9998-12-31","1","msczy1","2015-1-30 10:56:23","msczy1","2015-1-30 10:56:23"
"901187","4","2","1","1","2015-3-9","9998-12-31","1","bzwang","2015-3-9 17:23:06","bzwang","2015-3-9 17:23:06"
"901186","4","2","1","1","2015-3-9","9998-12-31","1","bzwang","2015-3-9 17:14:08","bzwang","2015-3-9 17:14:08"
"102265","4","2","1","1","2015-10-26","9998-12-31","1","msclys","2015-10-26 9:50:59","msclys","2015-10-26 9:50:59"
"102265","6","2","1","1","2015-10-26","9998-12-31","1","msclys","2015-10-26 9:50:59","msclys","2015-10-26 9:50:59"
"500001","4","2","1","1","2015-3-17","9998-12-31","1","Zhumsc01","2015-3-17 10:34:26","Zhumsc01","2015-3-17 10:34:26"
"901214","4","2","1","1","2015-3-27","9998-12-31","1","wangxiaoyun","2015-3-27 10:12:52","wangxiaoyun","2015-3-27 10:12:52"
"901141","4","2","1","1","2015-4-10","9998-12-31","1","cw003","2015-4-10 10:42:57","cw003","2015-5-7 11:15:47"
"901141","6","2","1","1","2015-4-10","9998-12-31","1","cw003","2015-4-10 10:42:57","cw003","2015-4-10 10:42:57"
"901261","4","2","1","1","2015-5-11","9998-12-31","1","huyan1","2015-5-11 17:25:14","huyan1","2015-5-11 17:25:14"
"403231","4","2","1","1","2015-6-12","9998-12-31","1","cw001","2015-6-12 16:05:31","cw001","2015-6-12 16:05:31"
"403233","4","2","1","1","2015-6-12","9998-12-31","1","cw001","2015-6-12 16:05:51","cw001","2015-6-12 16:05:51"
"403239","4","2","1","1","2015-6-12","9998-12-31","1","cw001","2015-6-12 16:06:04","cw001","2015-6-12 16:06:04"
"403244","4","2","1","1","2015-6-13","9998-12-31","1","msclys","2015-6-13 17:28:36","msclys","2015-6-13 17:28:36"
"403244","6","2","1","1","2015-6-13","9998-12-31","1","msclys","2015-6-13 17:28:36","msclys","2015-6-13 17:28:36"
"403274","4","2","1","1","2015-6-13","9998-12-31","1","msclys","2015-6-13 17:29:20","msclys","2015-6-13 17:29:20"
"403274","6","2","1","1","2015-6-13","9998-12-31","1","msclys","2015-6-13 17:29:20","msclys","2015-6-13 17:29:20"
"403279","4","2","1","1","2015-6-13","9998-12-31","1","msclys","2015-6-13 17:29:53","msclys","2015-6-13 17:29:53"
"403279","6","2","1","1","2015-6-13","9998-12-31","1","msclys","2015-6-13 17:29:53","msclys","2015-6-13 17:29:53"
"403269","4","2","1","1","2015-6-15","9998-12-31","1","3131","2015-6-15 10:20:12","3131","2015-6-15 10:20:12"
"110110","4","2","1","1","2015-6-15","9998-12-31","1","msczyh","2015-6-15 11:28:14","msczyh","2015-6-15 11:28:14"
"487451","4","2","1","1","2015-6-17","9998-12-31","1","msczj1","2015-6-17 9:28:03","msczj1","2015-6-17 9:28:03"
"403317","4","2","1","1","2015-6-19","9998-12-31","1","cw001","2015-6-19 14:25:43","cw001","2015-6-19 14:25:43"
"403290","4","2","1","1","2015-6-19","9998-12-31","1","msclys","2015-6-19 15:36:00","msclys","2015-6-19 15:36:00"
"403290","6","2","1","1","2015-6-19","9998-12-31","1","msclys","2015-6-19 15:36:00","msclys","2015-6-19 15:36:00"
"403292","4","2","1","1","2015-6-19","9998-12-31","1","msclys","2015-6-19 15:36:37","msclys","2015-6-19 15:36:37"
"403292","6","2","1","1","2015-6-19","9998-12-31","1","msclys","2015-6-19 15:36:37","msclys","2015-6-19 15:36:37"
"403327","4","2","1","1","2015-6-30","9998-12-31","1","cw002","2015-6-30 15:39:54","cw002","2015-6-30 15:39:54"
"403328","4","2","1","1","2015-6-30","9998-12-31","1","cw002","2015-6-30 16:32:56","cw002","2015-6-30 16:32:56"
"403237","4","2","1","2","2015-6-15","9998-12-31","1","mscwwy","2015-7-10 10:28:44","mscwwy","2015-7-10 10:28:44"
"100017","4","2","1","1","2015-7-22","9998-12-31","1","mscwwy","2015-7-22 13:47:23","mscwwy","2015-7-22 13:47:23"
"100034","4","2","1","2","2015-9-11","9998-12-31","1","mscwwy","2015-9-11 10:34:23","mscwwy","2015-9-11 10:34:23"
"901320","6","2","1","2","2015-9-15","9998-12-31","1","mscqym","2015-9-15 10:23:13","mscqym","2015-9-15 10:23:13"
"901176","4","2","1","2","2015-9-15","9998-12-31","1","mscqym","2015-9-15 11:11:29","mscqym","2015-9-15 11:11:29"
"403269","6","2","1","1","2015-11-10","9998-12-31","1","3131","2015-11-10 14:11:03","3131","2015-11-10 14:11:03"
"403270","4","2","1","1","2015-11-10","9998-12-31","1","3131","2015-11-10 14:11:51","3131","2015-11-10 14:11:51"
"100223","4","2","1","1","2015-12-25","9998-12-31","1","mscxch","2015-12-25 14:07:56","mscxch","2015-12-25 14:07:56"
"100096","6","2","1","1","2015-12-25","9998-12-31","1","mscxch","2015-12-25 14:50:09","mscxch","2015-12-25 14:50:09"
"100223","6","2","1","1","2015-12-25","9998-12-31","1","mscxch","2015-12-25 14:51:21","mscxch","2015-12-25 14:51:21"
"403341","4","2","1","1","2016-1-25","9998-12-31","1","3131","2016-1-25 14:45:23","3131","2016-1-25 14:45:23"
"507975","4","2","1","1","2016-1-25","9998-12-31","1","msclys","2016-1-25 15:22:48","msclys","2016-1-25 15:22:48"
"901406","4","2","1","1","2016-1-29","9998-12-31","1","yao","2016-1-29 16:31:00","yao","2016-1-29 16:31:00"
"901412","4","2","1","1","2016-2-14","9998-12-31","1","zjzb1","2016-2-15 16:00:10","zjzb1","2016-2-15 16:00:10"
"100221","4","2","1","1","2014-6-5","9998-12-31","1","mscldx","2016-2-19 15:14:35","mscldx","2016-2-19 15:14:35"
"222444","4","2","1","1","2016-2-19","9998-12-31","1","zgy01","2016-2-19 15:59:48","zgy01","2016-2-19 15:59:48"
"102316","4","2","1","1","2010-7-15","9998-12-31","1","mscwhm","2016-2-23 9:04:43","mscwhm","2016-2-23 9:04:43"
"901382","4","2","1","1","2016-2-23","9998-12-31","1","mschjc","2016-2-23 14:32:26","mschjc","2016-2-23 14:32:26"
"901383","4","2","1","1","2016-2-23","9998-12-31","1","mschjc","2016-2-23 14:32:48","mschjc","2016-2-23 14:32:48"
"333666","4","2","1","1","2016-2-23","9998-12-31","1","zgy01","2016-2-23 15:57:28","zgy01","2016-2-23 15:57:28"
"901438","4","2","1","1","2016-2-27","9998-12-31","1","zjzb1","2016-2-27 13:42:18","zjzb1","2016-2-27 13:42:18"
"901434","4","2","1","1","2016-2-23","9998-12-31","1","yao","2016-2-23 16:07:57","yao","2016-2-23 16:07:57"
"102296","4","2","1","1","2016-3-1","9998-12-31","1","yao","2016-3-1 17:59:57","yao","2016-3-1 17:59:57"
"901436","4","2","1","1","2016-2-26","9998-12-31","1","mscldx","2016-2-26 9:35:22","mscldx","2016-2-26 9:35:22"
"301449","4","2","1","1","2016-2-19","9998-12-31","1","yao","2016-3-1 18:01:02","yao","2016-3-1 18:01:02"
"901437","4","2","1","1","2016-3-1","9998-12-31","1","yao","2016-3-1 18:01:42","yao","2016-3-1 18:01:42"
"901397","4","2","2","1","2016-3-2","9998-12-31","1","yao","2016-3-2 10:12:33","yao","2016-3-2 10:12:33"
"901119","4","2","1","1","2014-11-11","9998-12-31","1","wtest06","2014-11-11 19:51:49","test15","2014-11-21 18:05:30"
"901120","4","2","1","1","2014-11-11","9998-12-31","1","wtest06","2014-11-11 19:58:01","test15","2014-11-21 18:04:55"
"901120","6","2","1","1","2014-11-11","9998-12-31","1","wtest06","2014-11-11 19:58:01","wtest06","2014-11-11 19:58:01"
"901125","4","2","1","1","2014-11-21","9998-12-31","1","yujian","2014-11-21 16:57:22","yujian","2014-11-21 16:57:22"
"901125","6","2","1","1","2014-11-21","9998-12-31","1","yujian","2014-11-21 16:57:22","yujian","2014-11-21 16:57:22"
"901119","6","2","1","1","2014-11-21","9998-12-31","1","test15","2014-11-21 18:04:30","test15","2014-11-21 18:04:30"
"100124","4","2","1","1","2014-12-9","9998-12-31","1","fujiangtao001","2014-12-9 18:00:06","fujiangtao001","2014-12-9 18:00:06"
"100008","6","2","1","1","2014-12-12","9998-12-31","1","fujiangtao","2014-12-12 16:46:33","fujiangtao","2014-12-12 16:46:33"
"901154","4","2","1","1","2015-1-8","9998-12-31","1","msczj01","2015-1-8 19:03:24","msczj01","2015-1-8 19:03:24"
"901157","4","2","1","2","2015-1-8","9998-12-31","1","msczj01","2015-1-8 19:12:20","msczj01","2015-1-8 19:12:20"
"100322","4","2","1","1","2015-10-27","9998-12-31","1","msclys","2015-10-27 16:29:29","msclys","2015-10-27 16:29:29"
"102206","4","2","1","1","2015-11-4","2015-11-27","1","msczw","2015-11-4 10:03:52","msczw","2015-11-4 10:03:52"
"403349","4","2","1","1","2015-11-20","9998-12-31","1","mscxyg","2015-11-20 9:57:06","mscxyg","2015-11-20 9:57:06"
"901133","4","2","1","1","2015-1-9","9998-12-31","1","Harry","2015-1-9 16:37:55","Harry","2015-1-9 16:37:55"
"122322","4","2","1","1","2015-1-18","9998-12-31","1","3130","2015-1-19 9:51:18","3130","2015-1-19 9:51:18"
"122322","6","2","1","2","2015-1-18","9998-12-31","1","3130","2015-1-19 9:51:18","3130","2015-1-19 9:51:18"
"344544","4","2","1","1","2015-1-18","9998-12-31","1","3130","2015-1-19 9:52:51","3130","2015-1-19 9:52:51"
"133331","4","2","1","1","2015-1-18","9998-12-31","1","3130","2015-1-19 9:55:19","3130","2015-1-19 9:55:19"
"252252","4","2","1","2","2015-1-18","9998-12-31","1","3130","2015-1-19 10:01:14","haiqinwu","2015-4-29 18:20:24"
"201614","4","2","1","1","2016-2-25","9998-12-31","1","zhouyi","2016-2-25 9:51:44","zhouyi","2016-2-25 9:51:44"
"623456","4","2","1","1","2015-3-3","2015-3-3","1","mscln","2015-3-3 11:26:09","mscln","2015-3-3 11:26:09"
"901192","4","2","1","1","2015-3-10","9998-12-31","1","tonow1","2015-3-11 9:51:36","tonow1","2015-3-11 9:51:36"
"901193","4","2","1","1","2015-3-10","9998-12-31","1","tonow1","2015-3-11 9:52:10","tonow1","2015-3-11 9:52:10"
"403350","4","2","1","1","2015-11-20","9998-12-31","1","mscxyg","2015-11-20 9:57:22","mscxyg","2015-11-20 9:57:22"
"101915","4","2","1","1","2015-11-2","9998-12-31","1","msclxm","2015-11-26 10:53:08","msclxm","2015-11-26 10:53:08"
"901197","4","2","1","1","2015-3-16","9998-12-31","1","testMSC01","2015-3-16 14:11:53","testMSC01","2015-3-16 14:11:53"
"901197","6","2","1","1","2015-3-16","9998-12-31","1","testMSC01","2015-3-16 14:11:53","testMSC01","2015-3-16 14:11:53"
"901198","4","2","1","1","2015-3-16","9998-12-31","1","testMSC01","2015-3-16 14:12:44","testMSC01","2015-3-16 14:12:44"
"901198","6","2","1","2","2015-3-16","9998-12-31","1","testMSC01","2015-3-16 14:12:44","testMSC01","2015-3-16 14:12:44"
"901135","4","2","1","1","2015-2-18","2100-12-31","1","cw001","2015-3-18 16:11:56","cw001","2015-3-18 16:45:35"
"901135","6","2","1","1","2015-3-18","9998-12-31","1","cw001","2015-3-18 16:46:06","cw001","2015-3-18 16:46:06"
"901143","4","2","1","1","2015-3-23","2015-6-2","1","feicw1","2015-3-23 11:13:41","feicw1","2015-3-23 11:13:41"
"901144","4","2","1","1","2015-3-23","9998-12-31","1","feicw1","2015-3-23 11:13:55","feicw1","2015-3-23 11:13:55"
"901163","6","2","1","1","2015-3-23","9998-12-31","1","haiqinwu","2015-3-23 14:18:10","haiqinwu","2015-3-23 14:18:10"
"120012","6","2","1","1","2015-3-23","9998-12-31","1","haiqinwu","2015-3-23 14:18:53","haiqinwu","2015-3-24 17:41:33"
"152352","6","2","1","2","2015-3-25","9998-12-31","1","haiqinwu","2015-3-25 15:22:45","haiqinwu","2015-3-25 15:22:45"
"901195","4","2","1","1","2015-4-2","9998-12-31","1","smileyao","2015-4-2 16:47:52","smileyao","2015-4-9 13:53:27"
"901127","4","2","1","1","2015-4-29","9998-12-31","1","mscldx","2015-4-29 16:17:11","mscldx","2015-4-29 16:17:11"
"901128","4","2","1","1","2015-4-29","9998-12-31","1","mscldx","2015-4-29 16:17:22","mscldx","2015-4-29 16:17:22"
"901129","4","2","1","1","2015-4-29","9998-12-31","1","mscldx","2015-4-29 16:17:34","mscldx","2015-4-29 16:17:34"
"301346","4","2","1","1","2015-12-24","9998-12-31","1","mscxuel2","2015-12-24 11:04:02","mscxuel2","2015-12-24 11:04:02"
"100004","4","2","1","1","2001-7-25","2017-2-4","1","mscxuel2","2015-12-24 11:11:33","mscxuel2","2015-12-24 11:11:33"
"901236","4","2","1","1","2015-4-29","9998-12-31","1","mscldx","2015-4-29 16:18:08","mscldx","2015-4-29 16:18:08"
"100023","4","2","1","1","2015-4-29","9998-12-31","1","haiqinwu","2015-4-29 18:19:09","haiqinwu","2015-4-29 18:19:09"
"100018","4","2","1","2","2015-4-29","9998-12-31","1","haiqinwu","2015-4-29 18:19:46","haiqinwu","2015-4-29 18:19:46"
"901165","6","2","1","1","2015-4-30","9998-12-31","1","mscyqp","2015-4-30 11:14:25","mscyqp","2015-4-30 11:14:25"
"901166","6","2","1","2","2015-4-30","9998-12-31","1","mscyqp","2015-4-30 11:14:40","mscyqp","2015-4-30 11:14:40"
"403228","4","2","1","1","2015-6-10","9998-12-31","1","cw002","2015-6-10 14:01:20","cw002","2015-6-10 14:01:20"
"101318","6","2","1","2","2015-8-22","9998-12-31","1","CFETS","2015-8-22 13:40:56","CFETS","2015-8-22 13:40:56"
"403338","4","2","1","1","2015-7-2","9998-12-31","1","msclys","2015-7-2 9:39:32","msclys","2015-7-2 9:39:32"
"403338","6","2","1","1","2015-7-2","9998-12-31","1","msclys","2015-7-2 9:39:32","msclys","2015-7-2 9:39:32"
"403343","4","2","1","1","2015-7-2","9998-12-31","1","mscxyg","2015-7-2 15:00:27","mscxyg","2015-7-2 15:00:27"
"403242","4","2","1","1","2015-7-2","9998-12-31","1","mscpyx","2015-7-2 15:47:47","mscpyx","2015-7-2 15:47:47"
"403342","4","2","1","1","2015-7-2","9998-12-31","1","mscpyx","2015-7-2 15:58:41","mscpyx","2015-7-2 15:58:41"
"403345","4","2","1","1","2015-7-2","9998-12-31","1","mscqym","2015-7-2 17:37:11","mscqym","2015-7-2 17:37:11"
"901410","4","2","1","1","2016-1-29","9998-12-31","1","msclz","2016-1-29 17:56:51","msclz","2016-1-29 17:56:51"
"101300","6","2","1","1","2015-8-22","9998-12-31","1","CFETS","2015-8-22 13:28:58","CFETS","2015-8-22 13:28:58"
"101318","4","2","1","2","2015-8-22","9998-12-31","1","CFETS","2015-8-22 13:40:56","CFETS","2015-8-22 13:40:56"
"403275","4","2","1","1","2015-8-25","9998-12-31","1","mscpyx","2015-8-25 10:58:40","mscpyx","2015-8-25 10:58:40"
"901309","4","2","1","1","2015-8-25","9998-12-31","1","mscwhm","2015-8-25 15:16:49","mscwhm","2015-8-25 15:16:49"
"100013","4","2","1","1","2015-9-22","9998-12-31","1","mscmwy","2015-9-22 10:55:36","mscmwy","2015-9-22 10:55:36"
"103039","4","2","1","1","2015-9-22","9998-12-31","1","mscmwy","2015-9-22 11:05:02","mscmwy","2015-9-22 11:05:02"
"101262","4","2","1","1","2015-9-22","9998-12-31","1","msclys","2015-9-22 11:26:05","msclys","2015-9-22 11:26:05"
"201526","4","2","1","1","2015-10-16","9998-12-31","1","msclsf1","2015-10-16 9:47:52","msclsf1","2015-10-16 9:47:52"
"101993","4","2","1","2","2015-9-22","9998-12-31","1","msclys","2015-9-22 11:27:12","msclys","2015-9-22 11:27:12"
"201222","4","2","1","1","2015-10-16","9998-12-31","1","msclsf1","2015-10-16 9:46:10","msclsf1","2015-10-16 9:46:10"
"201459","4","2","1","1","2015-10-16","9998-12-31","1","msclsf1","2015-10-16 9:49:13","msclsf1","2015-10-16 9:49:13"
"201002","4","2","1","1","2015-10-16","9998-12-31","1","msclsf1","2015-10-16 9:50:28","msclsf1","2015-10-16 9:50:28"
"100473","6","2","1","1","2015-10-16","9998-12-31","1","msctest1","2015-10-16 10:55:39","msctest1","2015-10-16 10:55:39"
"901353","4","2","1","1","2015-10-27","9998-12-31","1","mscqym","2015-10-27 10:09:43","mscqym","2015-10-27 10:09:43"
"901355","4","2","1","1","2015-10-27","9998-12-31","1","mscqym","2015-10-27 10:37:27","mscqym","2015-10-27 10:37:27"
"508094","4","2","1","1","2016-1-15","9998-12-31","1","msclys","2016-1-15 14:14:57","msclys","2016-1-15 14:14:57"
"901407","4","2","1","1","2016-1-29","9998-12-31","1","yao","2016-1-29 17:04:13","yao","2016-1-29 17:04:13"
"901409","4","2","1","1","2016-1-29","9998-12-31","1","msclz","2016-1-29 17:39:57","msclz","2016-1-29 17:39:57"
"103010","4","2","1","1","2016-2-4","9998-12-31","1","zjzb1","2016-2-4 10:28:06","zjzb1","2016-2-4 10:28:06"
"901366","4","2","1","1","2016-2-4","9998-12-31","1","zjzb1","2016-2-4 11:26:21","zjzb1","2016-2-4 11:26:21"
"901367","4","2","1","1","2016-2-4","9998-12-31","1","zjzb1","2016-2-4 12:23:01","zjzb1","2016-2-4 12:23:01"
"901413","4","2","1","1","2016-2-16","9998-12-31","1","zjzb1","2016-2-16 14:25:22","zjzb1","2016-2-16 14:25:22"
"901414","4","2","1","1","2016-2-16","9998-12-31","1","zjzb1","2016-2-16 15:03:12","zjzb1","2016-2-16 15:03:12"
"901415","4","2","1","1","2016-2-16","9998-12-31","1","zjzb1","2016-2-16 15:06:00","zjzb1","2016-2-16 15:06:00"
"901416","4","2","1","1","2016-2-16","9998-12-31","1","zjzb1","2016-2-16 15:13:46","zjzb1","2016-2-16 15:13:46"
"901417","4","2","1","1","2016-2-16","9998-12-31","1","zjzb1","2016-2-16 15:16:12","zjzb1","2016-2-16 15:16:12"
"901418","4","2","1","1","2016-2-16","9998-12-31","1","zjzb1","2016-2-16 15:21:51","zjzb1","2016-2-16 15:21:51"
"201621","4","2","1","1","2016-2-16","2016-2-22","1","zhouyi","2016-2-16 15:30:29","zhouyi","2016-2-16 15:30:29"
"901419","4","2","1","1","2016-2-17","9998-12-31","1","yao","2016-2-17 10:05:30","yao","2016-2-17 10:05:30"
"901422","4","2","1","1","2016-2-17","9998-12-31","1","zjzb1","2016-2-17 14:28:55","zjzb1","2016-2-17 14:28:55"
"101238","4","2","1","2","2016-2-17","2016-3-1","1","msclz","2016-2-17 15:19:31","msclz","2016-2-17 15:19:31"
"901424","4","2","1","1","2016-2-18","9998-12-31","1","yufanglin","2016-2-18 15:27:13","yufanglin","2016-2-18 15:27:13"
"901425","4","2","1","1","2016-2-18","9998-12-31","1","yufanglin","2016-2-18 15:31:53","yufanglin","2016-2-18 15:31:53"
"201615","4","2","1","1","2016-2-25","9998-12-31","1","zhouyi","2016-2-25 9:52:05","zhouyi","2016-2-25 9:52:05"
